"X falls into the void within 2 minutes of starting",sf3,1,00:01:00,,https://youtu.be/95-8TdCisGU&t=60,
"X calls KP_9 'the diamond button' and confuses CS greatly, as well as mistaking it for KP_Subtract",sev,48,,00:00:20,,https://youtu.be/BXroHrvpKLg&t=20
"CS jokingly tells X that he needs a 'faith plate'. X searches JEI and finds cyclic:faith_plate and crafts it for CS. Confusion ensues.",sev,50,00:50:42,,https://youtu.be/PnOJnPJs8yo&t=3042,
"CS kills X with bow accidentally for the first of three times in one episode",exo,63,00:16:42,00:31:46,https://youtu.be/kngS7lQI5x8&t=1002,https://youtu.be/sRNaZsqjIvM&t=1906
"CS kills X with bow accidentally for the second of three times in one episode",exo,63,00:34:39,01:03:50,https://youtu.be/kngS7lQI5x8&t=2079,https://youtu.be/sRNaZsqjIvM&t=3830
"CS kills X with bow accidentally for the third of three times in one episode",exo,63,00:36:41,01:05:54,https://youtu.be/kngS7lQI5x8&t=2201,https://youtu.be/sRNaZsqjIvM&t=3954
"CS calls X 'daddy' for 20k bits",exo,44,00:48:50,00:48:50,https://youtu.be/zQ28tvNz4PM&t=2930,https://youtu.be/Sut92kWCTb8&t=2930
"X has to explain to CS what a refactory period is",sf4,3,00:26:41,00:26:41,https://youtu.be/qu1yzcjMFPs&t=1601,https://youtu.be/j3IoEksWiOU&t=1601
"X traps CS in the house. CS then attempts to trap X, but he's missing a block. He turns around and X is standing behind him with the missing block.",sf3,38,00:00:45,00:00:45,https://youtu.be/d79IRH3yKTI&t=45,https://youtu.be/N4NqXX7EDvk&t=45
"The most concentrated amount of CS profanity that has ever been recorded. Uncensored audio at https://twitch.tv/x33n/clip/BlitheCoyCakeGrammarKing",sf3,33,00:40:34,,https://youtu.be/JFBoHOcgISY&t=2434,
"CS portals X to the moon",umr,8,00:31:59,00:31:59,https://youtu.be/g874i35ldP8&t=1919,https://youtu.be/HV4kBeuF04I&t=1919
"CS and X talk about Barrels, Drawers, Storage & More - nothing to see here",sf4,4,00:15:31,00:15:31,https://youtu.be/VmeREdnaRkI&t=931,https://youtu.be/3rVsShzAwBw&t=931
"X gaslights CS by exchanging his drying porkchops for bacon before they turn into leather",sf4,4,00:34:34,00:35:01,https://youtu.be/VmeREdnaRkI&t=2074,https://youtu.be/3rVsShzAwBw&t=2101
"Barrels, Drawers, Storage & More contd.",sf4,5,00:26:46,00:26:46,https://youtu.be/5Juqobbkuck&t=1606,https://youtu.be/KVeLajPL-0A&t=1606
"CS tests his new explosive bow on X, inside their base",exo,62,01:03:24,01:03:24,https://youtu.be/SJY1t47Qho4&t=3804,https://youtu.be/rZonCvIrTRc&t=3804
"CS discoveres that he has been lied to about preforming the ceremonial first iron casting",exo,6,00:13:00,00:13:00,https://youtu.be/_u3QxWfDV38&t=780,https://youtu.be/V6FMCH8MIbI&t=780
"CS performs the 'ceremonial first iron ceremony never been done before' ritual",exo,6,00:01:12,00:01:12,https://youtu.be/_u3QxWfDV38&t=72,https://youtu.be/V6FMCH8MIbI&t=72
"You did what to her scepter?",sf4,6,00:50:08,,https://youtu.be/udwX0wYtmcc&t=3008,
"CS starts talking about Vtubers and doesn't stop (it gets reeealy weird)",exo,32,00:27:12,00:27:12,https://youtu.be/ePbZDl3LFO4&t=1632,https://youtu.be/AmOk1yepu3M&t=1632
"CS says 'They don't give us head'? (continues for a while)",sf4,8,00:42:57,00:41:18,https://youtu.be/QqcYOG-uWOE&t=2577,https://youtu.be/nrQNJftLJEE&t=2478
"Cloe",sf4,8,00:58:29,,https://youtu.be/QqcYOG-uWOE&t=3509,
"CS discovers X wears shoes in his house",sf4,9,00:15:31,00:15:31,https://youtu.be/ys1ynHk6vvQ&t=931,https://youtu.be/RHc7wIOzfgo&t=931
"X uses CS's slime boots to bounce him off the edge like a rubber ball",sf4,9,01:07:48,01:07:48,https://youtu.be/ys1ynHk6vvQ&t=4068,https://youtu.be/RHc7wIOzfgo&t=4068
"CS makes a very dangerous yoyo",sf4,10,00:23:06,00:23:06,https://youtu.be/X3qJqsgWx1Q&t=1386,https://youtu.be/-5CU3_XrLJU&t=1386
"CS and X reach the twilight forest Naga island by abusing sf4's infinite fall feature",sf4,10,00:26:16,00:26:16,https://youtu.be/X3qJqsgWx1Q&t=1576,https://youtu.be/-5CU3_XrLJU&t=1576
"X lovingly cultivates a guardian out of one seed, only for it to immediately flail off the edge of the platform",sf4,10,00:40:42,,https://youtu.be/X3qJqsgWx1Q&t=2442,
"X trolls CS by secretly crafting shurikens and throwing them at him when he isn't looking",sf4,10,01:01:51,,https://youtu.be/X3qJqsgWx1Q&t=3711,
"CS discovers the Narrator",sf4,13,,00:14:02,,https://youtu.be/auT4xbsmR1A&t=842
"Jar Jar Drinks",sf4,14,00:35:07,00:35:07,https://youtu.be/nWiE3ras4e0&t=2107,https://youtu.be/wlVoqMbwe2w&t=2107
"CS travels so fast he hits himself with his own shuriken",sf4,15,,00:57:46,,https://youtu.be/aUD5yPTk-b0&t=3466
"The Twilight Lich goes out on his own terms",sf4,16,,00:52:45,,https://youtu.be/NgKXhQ-HE64&t=3165
"CS somehow feels the need to spin his eyeballs while simultaneously oscillating his scalp",sf4,19,,00:14:36,,https://youtu.be/-ucFvBZggRk&t=876
"'I know you like getting interfaces, but how about getting out of her face?'",sf4,19,01:08:15,01:08:15,https://youtu.be/nr_bRoU-yho&t=4095,https://youtu.be/-ucFvBZggRk&t=4095
"CS says a large amount of nonsense words and X just leaves",sf4,20,00:32:37,,https://youtu.be/k6UKpySVTGY&t=1957,
"CS clogs the smeltery with liquid bacon",sf4,21,,00:20:09,,https://youtu.be/q0RUy3Wmflw&t=1209
"CS makes a More S'more Double S'mingot (goes on for a while)",sf4,26,,00:32:43,,https://youtu.be/d4rJK-M2VhI&t=1963
"CS thinks he is pouring out electrum, is actually pouring out gold",sf4,26,,00:45:23,,https://youtu.be/d4rJK-M2VhI&t=2723
"Pristine Nuns",sf4,27,00:36:43,00:36:43,https://youtu.be/8fqVdgrh0gA&t=2203,https://youtu.be/6oWHrj7cpl0&t=2203
"BARELY KNOW 'ER DUUDE",sf4,29,00:12:55,00:12:55,https://youtu.be/bzbNuqBebdI&t=775,https://youtu.be/1WkCSVW8KUM&t=775
"CS drops his fully enchanted and leveled up glitch sword into the void",sf4,33,,01:03:12,,https://youtu.be/3xvX2SyxUtE&t=3792
"The reason i've been so stressed is just knowing that you have the patience of a guppy",sf4,34,00:22:12,,https://youtu.be/AbYfcSAw-tM&t=1332,
"X explains a small amount of one of the recursive nuclearcraft process he needs to perform and confuses CS",sf4,36,00:08:42,,https://youtu.be/0MgF2O1Y0cw&t=522,
"CS falls into a black hole",sf4,36,,00:31:51,,https://youtu.be/jzFnZBRV2OU&t=1911
"X discovers the abhorrent curse laid upon the ME Fluid Auto Filler",sf4,38,00:12:29,,https://youtu.be/bW_AShByUnI&t=749,
"Chilly Willy departs from this world",sea,1,00:10:14,,https://youtu.be/_GQHPSVUQMs&t=614,
"CS discovers lava",sea,1,,01:00:34,,https://youtu.be/lfYyXjbQWyY&t=3634
"CS discovers X's dolphin noise",sea,1,,01:02:51,,https://youtu.be/lfYyXjbQWyY&t=3771
"CS goes crazy over rats (continues for a while)",sea,3,,00:36:21,,https://youtu.be/cQEzOzds_ck&t=2181
"CS is paid 22000 bits to show his feet",sea,4,,00:08:29,,https://youtu.be/b7BYkpzEKCg&t=509
"X slaughters a newborn rat with fire",sea,6,00:05:42,00:05:42,https://youtu.be/gJjadod82BU&t=342,https://youtu.be/xW8XZV5hAGg&t=342
"X respawns at his original habitat and loads the other chilly willy, who promptly dies",sea,9,00:23:20,,https://youtu.be/7s2BbNQGrD8&t=1400,
"X accidentally hits CS's pet battle rat and is killed by it. Not as though anything like this ever happened before...",sea,9,00:41:39,,https://youtu.be/7s2BbNQGrD8&t=2499,
"CS and X encounter a Pirat who sure is trying his darnedest to kill them with his cute little cannon",sea,10,00:47:49,00:47:49,https://youtu.be/YIaC8LQwWQU&t=2869,https://youtu.be/Zia2gNaoeCo&t=2869
"X uses fans and vector plates to trap CS in a gerbil ball loop of ice",sf3,24,00:00:00,00:00:00,https://youtu.be/zdWI5GZs15Q&t=0,https://youtu.be/X9lz-OBZbAo&t=0
"X glitches and temporarily turns invisible",sea,11,00:55:24,00:55:24,https://youtu.be/ppZImP_8FPA&t=3324,https://youtu.be/q_AJrNirDKo&t=3324
"CS and X horse around with the Void Static",sea,14,00:04:29,00:04:29,https://youtu.be/GI_2h8EQT3Q&t=269,https://youtu.be/OYHAW9VNxtE&t=269
"X accidentally uses a self-resetting lever, CS places a void static in the base, X accidentally kills Remi, CS kills Xs rat as revenge, X kills CS",sea,18,01:01:50,01:01:50,https://youtu.be/V_Gj884wFyg&t=3710,https://youtu.be/4z2wYtJENwk&t=3710
"X dunks CS through perfectly through the stairs",sea,20,00:00:58,00:00:58,https://youtu.be/Utm-ODg8r_k&t=58,https://youtu.be/_ShOBSIVZAo&t=58
"Let the battle of the yokes commence",sea,21,00:28:09,00:28:09,https://youtu.be/DMwdipOOvoQ&t=1689,https://youtu.be/-RvZ9G1JEDI&t=1689
"The perfect dunk",sea,22,00:01:31,00:01:31,https://youtu.be/UHYs-17zre0&t=91,https://youtu.be/3_-M1kE9rvg&t=91
"CS talks about the great maple syrup heist",sea,23,01:04:54,01:04:54,https://youtu.be/HCUP-TXLimo&t=3894,https://youtu.be/qmGcnJn_4c8&t=3894
"CS prepares an expensive recipe in the table, then X autofills over it making CS think he deleted it, but actually X got all the stuff.",sea,25,,01:02:00,,https://youtu.be/lnKvUXQl2fc&t=3720
"X says oof, punish me daddy to CS",sea,26,00:43:50,00:43:50,https://youtu.be/qZ7n5At2G68&t=2630,https://youtu.be/pUaA1VgXwXk&t=2630
"The sneaky false block leads to a new era in spleef warfare",sea,26,00:56:44,00:56:44,https://youtu.be/qZ7n5At2G68&t=3404,https://youtu.be/pUaA1VgXwXk&t=3404
"The sneaky false block strikes its second blow",sea,26,01:06:33,01:06:33,https://youtu.be/qZ7n5At2G68&t=3993,https://youtu.be/pUaA1VgXwXk&t=3993
"A masterful slapstick performance involving viaducts and sneaky false",sea,29,00:23:27,00:23:27,https://youtu.be/sirV2hTU2RY&t=1407,https://youtu.be/a8h-ZiezJvQ&t=1407
"CS discovers his lightning-throwing bow creates charged creepers",sea,30,,00:43:18,,https://youtu.be/i9QiJUIZNl0&t=2598
"CS gets dined and dashed by a rat",sea,33,,01:01:44,,https://youtu.be/jhqypNZsNVc&t=3704
"X is ganged up on by piranhas",sev,1,00:37:36,,https://youtu.be/z1KWLwL-aoY&t=2256,
"Piranha adventure Pt. 2",sev,2,00:18:34,,https://youtu.be/M6eyb49H8iM&t=1114,
"We are introduced to Long Boi No. 1 and No. 2",sev,2,00:31:08,00:57:58,https://youtu.be/M6eyb49H8iM&t=1868,https://youtu.be/j1GWPISgNQ8&t=3478
"Less than half an episode after he was found, Long Boi No. 2 meets his end.",sev,2,00:37:18,01:04:13,https://youtu.be/M6eyb49H8iM&t=2238,https://youtu.be/j1GWPISgNQ8&t=3853
"CS realizes he forgot to select the darklands biome on his new compass and that he has led them very astray",sev,4,00:51:03,00:52:53,https://youtu.be/EaWIgfZKpPM&t=3063,https://youtu.be/Km_2gzha_l0&t=3173
"CS's horse falls down a hole",sev,5,00:12:56,00:19:51,https://youtu.be/2WfFiUZGHms&t=776,https://youtu.be/lccJ46fZ90s&t=1191
"X discovers he is very, very lost, then dies to piranhas on the other side of the ocean",sev,5,00:32:50,,https://youtu.be/2WfFiUZGHms&t=1970,
"It was there, I clicky, it go away!",sev,6,00:26:27,,https://youtu.be/HNIeLNHWZpA&t=1587,
"My heart will go on",sev,6,00:36:14,00:49:33,https://youtu.be/HNIeLNHWZpA&t=2174,https://youtu.be/A7LcIh-IN3k&t=2973
"X steals CS's rattle seemingly right out of his inventory (watch at 0.25 speed and keep your eyes on the kiln)",sev,6,00:38:15,00:51:38,https://youtu.be/HNIeLNHWZpA&t=2295,https://youtu.be/A7LcIh-IN3k&t=3098
"X falls into a barrel",sev,11,00:07:43,,https://youtu.be/1QbP2tLR0jU&t=463,
"X's horse falls down a bigger hole",sev,11,00:22:09,,https://youtu.be/1QbP2tLR0jU&t=1329,
"X finds coal",sev,12,00:10:00,,https://youtu.be/cxgau-XL0uA&t=600,
"X's horse dissapears",sev,12,00:12:39,,https://youtu.be/cxgau-XL0uA&t=759,
"26 year old CS realizes that Diagon Alley was a pun on Digonally this whole time",sev,12,00:14:20,00:25:07,https://youtu.be/cxgau-XL0uA&t=860,https://youtu.be/2QrR2eMTrNc&t=1507
"CS's horse suffocates in a cave",sev,13,00:24:28,00:43:52,https://youtu.be/jG5Bptm7fwA&t=1468,https://youtu.be/sqwc7uGbZKc&t=2632
"CS makes a rhyme: 'Your horse has speed, my horse has jump, let's put them together and make them hump'",sev,14,00:06:20,00:13:27,https://youtu.be/Rb1y0SENFlo&t=380,https://youtu.be/4Add0K0UFMk&t=807
"The Shoggoth platform explodes into magma monsters",sev,15,00:16:10,00:19:50,https://youtu.be/I5Etubmbh-Y&t=970,https://youtu.be/HOmeOAm1HdU&t=1190
"CS calls X 'bb' and 'sugar daddy'",skb,7,00:01:52,,https://youtu.be/3DpiWptHEPM&t=112,
"X outbids CS in AH for an item they both want",skb,19,00:23:45,00:18:12,https://youtu.be/pk_LrDVF2HQ&t=1425,https://youtu.be/eCrUgUKRHtk&t=1092
"CS rants about the PVE mining world",skb,25,00:20:46,00:13:12,https://youtu.be/f_zxHgyXgNM&t=1246,https://youtu.be/V7LO7Us8Fnw&t=792
"CS rants about how someone spawned on his face",skb,26,00:11:28,00:08:00,https://youtu.be/_Xy0luwPeVA&t=688,https://youtu.be/1mc7rKgWD8Q&t=480
"CS mistypes the first letter of 'bucket'",sea,41,,00:16:36,,https://youtu.be/vzE-GZgpESQ&t=996
"CS rants about MFFS while fighting multiple withers",sea,41,00:40:11,00:36:07,https://youtu.be/MFA6h_Mu-04&t=2411,https://youtu.be/vzE-GZgpESQ&t=2167
"X spleefs himself into the void in MW",skb,31,00:10:13,,https://youtu.be/EeglMY8rAhQ&t=613,
"CS gets salty because X's items sell for way more than his on the AH",skb,33,00:28:41,00:17:45,https://youtu.be/QO3mc1pypXE&t=1721,https://youtu.be/xWCLnFnG8YQ&t=1065
"X starts an AH war with CS to see whose schematics will sell for the most",skb,33,00:35:27,,https://youtu.be/QO3mc1pypXE&t=2127,
"CS asks X to take off his clothing",skb,34,00:27:56,00:18:31,https://youtu.be/8L-hfaKz45o&t=1676,https://youtu.be/2Mj1jd1v_Hk&t=1111
"CS's behind the scenes process is revealed",skb,39,00:00:00,,https://youtu.be/f5T60KMI61M&t=0,
"X uses an extremely expensive mining world pass and falls into lava in the first three seconds of joining",skb,40,00:05:31,,https://youtu.be/lmYW5EwrmBQ&t=331,
"X wanders into CS while he's nicked in the warzone and almost kills him thinking he's someone else",skb,43,00:24:48,00:14:58,https://youtu.be/hzTm2V5nZMQ&t=1488,https://youtu.be/uHAM0V9Abw4&t=898
"The great horse brawl of 2018",skb,50,00:33:48,00:16:36,https://youtu.be/A5Kj_5wGVu8&t=2028,https://youtu.be/HIZrYbM9tFA&t=996
"CS accidentally shoots X while trying to kill a llama",me5,2,00:53:07,00:52:39,https://youtu.be/Gsy0RvJ76oA&t=3187,https://youtu.be/5KzwgpSw2pE&t=3159
"Spider does tap dance in shoes",skb,59,00:39:07,,https://youtu.be/oSs-V2uOWiY&t=2347,
"CS accidentally dyes a sheep blue because he was holding lapis in his off hand",far,2,,00:35:31,,https://youtu.be/Vaa3F9PVHt4&t=2131
"CS accidentally dyes a dog's collar blue because he was holding lapis in his off hand",far,5,,00:00:27,,https://youtu.be/-Cro9awzo6s&t=27
"X angers ALL the dogs",far,12,00:03:33,,https://youtu.be/7ovo5_ie998&t=213,
"CS switches the parkour level on X in mid-jump",dv3,1,00:27:49,00:27:49,https://youtu.be/r8TueJSXUPw&t=1669,https://youtu.be/5fFU-udof7o&t=1669
"CS switches the parkour level on X in mid-jump... again",dv3,1,01:05:43,01:05:43,https://youtu.be/r8TueJSXUPw&t=3943,https://youtu.be/5fFU-udof7o&t=3943
"Oh Kylo, you dog, you.",dv3,3,00:19:51,00:19:51,https://youtu.be/gh4PWstYpuk&t=1191,https://youtu.be/7qxx-RZYBYw&t=1191
"Adventure branch bridge sabotage",dv3,6,00:00:43,00:00:43,https://youtu.be/okxrCipN9Ys&t=43,https://youtu.be/r2IVK-2uAx8&t=43
"Houdini Chicken",dv3,9,00:35:29,00:35:29,https://youtu.be/YM-Ib7hJu3k&t=2129,https://youtu.be/hPuc48WWufU&t=2129
"CS teleports X to dropper branch level selection when he was blocks away from making it first try",dv2,1,00:50:00,,https://youtu.be/v1Jlqz-jz4g&t=3000,
"X falls down a hole and says YIKES",crn,12,00:36:42,,https://youtu.be/RLTMmRDaS4A&t=2202,
"And that, friends, is how with five cobblestone you can get your friend to call you an asshole",crn,12,00:58:55,,https://youtu.be/RLTMmRDaS4A&t=3535,
"X is given secret instructions by GreninjaSan",me5,9,00:30:29,,https://youtu.be/9YMtAEr43UQ&t=1829,
"X strafes right into CS's arrow",cal,4,00:59:05,,https://youtu.be/xUNOzAOgnvU&t=3545,
"An interesting conversation is interrupted when X and CS both fall into the same trap",cal,5,00:05:03,,https://youtu.be/KEVaWGitY8M&t=303,
"CS shoots X and they both start giggling",cal,8,00:24:11,,https://youtu.be/HV52Qd96oQM&t=1451,
"Cloe!",cal,9,00:05:39,,https://youtu.be/dccOTcMSuGM&t=339,
"CS shoots X and doesn't know how",cal,10,00:41:12,,https://youtu.be/5H9EJSSFQFM&t=2472,
"X describes his lasic surgery in detail",sf3,2,00:10:49,,https://youtu.be/DF9AyXJMJ_I&t=649,
"pieces of you on my wall",sf3,2,00:18:47,,https://youtu.be/DF9AyXJMJ_I&t=1127,
"The wither incident",sf3,14,00:30:14,00:26:18,https://youtu.be/2bw8kuBTYG4&t=1814,https://youtu.be/UvBgnSVlcLA&t=1578
"X embellishes the word cake",sf3,30,00:30:34,00:23:26,https://youtu.be/f5gFnyncRBc&t=1834,https://youtu.be/mLctDSeJkpg&t=1406
"CS and X are annihilated by the Chaos Dragon",sf3,29,00:19:16,00:14:01,https://youtu.be/ODCHHGaq3bc&t=1156,https://youtu.be/7nZx0yGcyyU&t=841
"CS is the one who inserts",sf3,24,,00:21:52,,https://youtu.be/X9lz-OBZbAo&t=1312
"Rainbow generator whack-a-mole",sf3,37,,00:22:10,,https://youtu.be/Rqw8mD3LBZI&t=1330
"CS kills himself with the sacrificial dagger and loses all his blood magic progress",sf3,42,,00:21:42,,https://youtu.be/bnZ1bDySfNI&t=1302
"CS's pizza delivery driver makes the fateful quest to his house simultaneously with he and X on the quest back home from the eastern swamps.",sev,20,00:23:59,00:24:15,https://youtu.be/yprOrPR5jM0&t=1439,https://youtu.be/RnaTSRR1jnE&t=1455
"X falls into lava, and CS promptly pours a water bucket over him, creating basalt sealing him under the lava",sev,22,00:19:31,,https://youtu.be/i3JYghMsqDk&t=1171,
"After grabbing his jugular, X deprecates all over the place",sev,22,00:53:01,,https://youtu.be/i3JYghMsqDk&t=3181,
"NEVER DIG STRAIGHT DOWN",sev,28,,00:25:17,,https://youtu.be/zWxVrFT06MQ&t=1517
"My heart will go on #2",sev,35,00:56:43,,https://youtu.be/fCNiveAr0ZQ&t=3403,
"All the Small Things",sev,37,00:29:55,,https://youtu.be/85_D4DX0RFk&t=1795,
"X is knocked off into lava by an Ember and dies, then gets down to a half heart retrieving his stuff. He crawls back to base, only to crouch on his last slime boot bounce, inflicting a half heart of fall damage - enough to kill him just blocks away from CS.",sev,45,00:09:02,,https://youtu.be/cPvRQiv9fU8&t=542,
"X falls into the nether void because journeymap transposes the y and z coordinates",sf3,14,00:37:34,,https://youtu.be/2bw8kuBTYG4&t=2254,
"CS is launched a hundred blocks by the ender dragon and falls into the void. He then does 50 pushups to justify cheating his items back.",sev,46,00:04:07,00:03:49,https://youtu.be/C3Cn2JImKwU&t=247,https://youtu.be/vaZzHjxCbyo&t=229
"My heart will go on #3",sev,46,00:40:41,00:40:26,https://youtu.be/C3Cn2JImKwU&t=2441,https://youtu.be/vaZzHjxCbyo&t=2426
"CS and X are invisible to each other; X throws half his vacuum tubes into the crusher because of inventory tweaks auto refill",sev,47,01:02:41,01:02:41,https://youtu.be/BcD_ZNSIwpw&t=3761,https://youtu.be/IPBbu16baeI&t=3761
"CS accidentally spawns a ghast by throwing ground netherrack and soul sand into a filtered hopper",sev,47,,01:07:44,,https://youtu.be/IPBbu16baeI&t=4064
"Under pressure! Pushing down on me, pushing down on me, pushing down on me ...",sev,48,00:53:44,,https://youtu.be/of25x3mv0j8&t=3224,
"X forgets to put on his pressure gear. He discovers that when you die on the moon, you respawn on the moon. He dies 25 times.",sev,54,00:17:16,00:17:16,https://youtu.be/g0z0XRziJbY&t=1036,https://youtu.be/9YxG49naiNQ&t=1036
"X abandons ship in the middle of a rocket launch by accidentally pressing shift",sev,55,00:52:10,,https://youtu.be/Y8vRqqLJR-s&t=3130,
"He's with stupid",sev,58,00:01:44,,https://youtu.be/D-zb2d4fjjg&t=104,
"CS accidentally shoots X with his bow, breaking his space suit and forcing him to gchouston",sev,62,00:41:20,00:47:15,https://youtu.be/HDqNNn_hXlM&t=2480,https://youtu.be/swJhMC4tGnM&t=2835
"X crashes his rocket into mercury",sev,63,00:47:46,,https://youtu.be/JKbrawWqb8c&t=2866,
"As X is calmly talking with him, CS's jetpack breaks and he freaks out",sev,65,,00:54:30,,https://youtu.be/ytKpNEeTY0Q&t=3270
"X crash lands in a lava lake on the surface of Jupiter",sev,66,00:11:36,,https://youtu.be/eul-Kds65K8&t=696,
"I'M GOING TO SPAACE",sev,66,00:49:23,,https://youtu.be/eul-Kds65K8&t=2963,
"You're goshdarn right my anus is a tier 6!",sev,67,01:03:26,,https://youtu.be/haK9AW4VlFU&t=3806,
"X obstructs the top of their ground-floor elevator block and watches CS oscillate between the basement and roof",sev,67,00:50:41,,https://youtu.be/haK9AW4VlFU&t=3041,
"Episode 69? Time for Uranus.",sev,69,00:00:00,00:00:00,https://youtu.be/TgmSYvU-p-w&t=0,https://youtu.be/i2chXmkDSow&t=0
"X is offered a sponsorship opportunity with MeUndies",sev,75,01:05:51,,https://youtu.be/1KGUY-uS2Vk&t=3951,
"CS hits X with the shockwave sword when he least expects it",sev,75,01:10:06,01:17:15,https://youtu.be/1KGUY-uS2Vk&t=4206,https://youtu.be/qXUUP5ZIzX4&t=4635
"X gets 7 giant chance cubes. It doesn't go well.",stn,1,00:06:02,00:06:02,https://youtu.be/JTSSp8zCX28&t=362,https://youtu.be/BMsmbj86Izk&t=362
"X gets the Skullfire Sword (Looting XXV, +999 attack damage) as a reward for making a stone crook",stn,1,00:17:33,,https://youtu.be/JTSSp8zCX28&t=1053,
"CS takes a loong time to start up his recording",stn,2,00:00:00,,https://youtu.be/1BS-q-6RJqE&t=0,
"CS derails the entire episode to show X a parrot singing 'Let The Bodies Hit The Floor'",stn,2,00:05:58,00:04:54,https://youtu.be/1BS-q-6RJqE&t=358,https://youtu.be/pZfDzTSC9zg&t=294
"X checks out the mob farm and CS thinks he's sabotaging it when he hasn't done anything. They oscillate up and down the ladder in confusion.",stn,2,01:12:40,01:11:36,https://youtu.be/1BS-q-6RJqE&t=4360,https://youtu.be/pZfDzTSC9zg&t=4296
"X uses his server console to play the giant chance cube sound to CS",stn,3,00:51:10,00:51:10,https://youtu.be/8xid7xNkSTA&t=3070,https://youtu.be/lHxk81-pjSg&t=3070
"Poopy Hammer",stn,4,00:53:27,00:49:31,https://youtu.be/bSVeUja76yM&t=3207,https://youtu.be/eHhkV53uht0&t=2971
"X does a perfect impression of Rihanna singing Dragostea Din Tei",stn,5,00:42:29,,https://youtu.be/rNOzPjfHFOc&t=2549,
"X trolls CS by playing the giant chance cube sound again and again",stn,6,01:05:25,01:05:25,https://youtu.be/HzCgeS42Uxw&t=3925,https://youtu.be/f-mVJPHxkzo&t=3925
"X goes back to the TrollCraft world in a special episode of 'Jordan's Wrong'",sf3,5,00:16:16,,https://youtu.be/mRuw7TVD-VY&t=976,
"X uses their creeper statue to troll CS with explosion noises",stn,7,00:43:19,00:43:19,https://youtu.be/4RYhsj-USWs&t=2599,https://youtu.be/eQ_BXpArTB4&t=2599
"CS and X have to build a nuclear reactor using only their chickens to restore access to all their items.",stn,7,00:50:19,00:50:19,https://youtu.be/4RYhsj-USWs&t=3019,https://youtu.be/eQ_BXpArTB4&t=3019
"CS and X talk about toast for 5 minutes",stn,8,00:09:52,,https://youtu.be/j7cQKqR0idI&t=592,
"CS explodes himself with an end crystal",stn,10,00:34:07,00:34:07,https://youtu.be/_64xSGJOsSI&t=2047,https://youtu.be/GsbuHilm71I&t=2047
"X tries to do mekanism and has a breakdown",stn,17,00:58:57,,https://youtu.be/79eFbdbMkE8&t=3537,
"X does an accurate impression of CS",stn,19,00:10:23,,https://youtu.be/9Kpn3jMLDew&t=623,
"X plays copyright free sad violin music over CS redoing his keybinds",stn,20,00:00:00,,https://youtu.be/3jWWKfexssA&t=0,
"Sad violin music part 2",stn,20,00:03:22,,https://youtu.be/3jWWKfexssA&t=202,
"CS accidentally throws the tome of knowledge, the most valuable item they have, into the energy condenser",stn,20,,00:41:29,,https://youtu.be/ATJDVpVXGRg&t=2489
"CS and X battle against a tornado trying to pull them up into the air",umr,1,00:03:39,00:03:39,https://youtu.be/UA8wrc9jM0U&t=219,https://youtu.be/rG2T4awFPMA&t=219
"X is slain by entity.Crab.name in one hit",umr,1,00:07:44,,https://youtu.be/UA8wrc9jM0U&t=464,
"CS kills an octopus, not knowing it's X in morphed form",umr,1,00:20:38,00:20:32,https://youtu.be/UA8wrc9jM0U&t=1238,https://youtu.be/rG2T4awFPMA&t=1232
"CS and X's house on the hill is wrecked by a tornado",umr,3,00:28:29,00:27:26,https://youtu.be/4zEAi2158l0&t=1709,https://youtu.be/H3q6pZu764E&t=1646
"The Kraken Incident",umr,5,00:35:38,00:35:38,https://youtu.be/WSzSNekaI7E&t=2138,https://youtu.be/QllrB6aVaLk&t=2138
"CS falls into lava and is quickly trapped by obsidian",umr,5,00:56:08,00:56:08,https://youtu.be/WSzSNekaI7E&t=3368,https://youtu.be/QllrB6aVaLk&t=3368
"CS finds 3 charged certus ore, and X decides to tell him they need 4 for the ME system, when they actually only need 2",umr,8,00:42:22,,https://youtu.be/g874i35ldP8&t=2542,
"CS leers over X while he's trying to fall asleep",umr,11,00:03:50,,https://youtu.be/cYgmyqptqsQ&t=230,
"X closes his eyes while mining and digs straight down into lava",umr,11,00:08:33,,https://youtu.be/cYgmyqptqsQ&t=513,
"CS has a breakdown as he's chased by a mantis",umr,11,00:45:49,00:45:57,https://youtu.be/cYgmyqptqsQ&t=2749,https://youtu.be/O8BwHc9GrNY&t=2757
"X shows a video of himself discovering 50000 red ants causing lag in the nether",umr,17,00:00:56,,https://youtu.be/K6unzUMxUuM&t=56,
"Jerry's Cove is revealed!",umr,18,00:00:00,00:00:00,https://youtu.be/1kJsFoe81kE&t=0,https://youtu.be/6u2GlN5PBho&t=0
"CS and X make caulk jokes",umr,19,00:48:22,00:48:22,https://youtu.be/MvbvtjTLlX8&t=2902,https://youtu.be/twMgoGa50RM&t=2902
"X gives Slice (the giant sword) to his giant girlfriend",umr,22,00:10:16,00:10:16,https://youtu.be/B8cRps_W8c8&t=616,https://youtu.be/Uw2C7p1I5jg&t=616
"CS and X each do 30 pushups to cheat their stuff back after being killed by the Queen",umr,23,00:14:49,00:16:21,https://youtu.be/--amPrUkN2M&t=889,https://youtu.be/XziBLw2YjYA&t=981
"CS's first words of the new series: GOD DAMMIT",po3,1,00:00:00,,https://youtu.be/U6dNUKJe57U&t=0,
"X discovers that his special ability is Fertility",po3,1,00:23:51,,https://youtu.be/U6dNUKJe57U&t=1431,
"X is knocked into the void by an Ancient Golem and then everything goes wrong",po3,1,00:29:55,00:29:47,https://youtu.be/U6dNUKJe57U&t=1795,https://youtu.be/lqZ6Y1Mue5k&t=1787
"X makes a self-deprecating joke and then makes another one about how bad the first one was",po3,4,00:36:36,,https://youtu.be/aJJQIflMkGs&t=2196,
"Happy Together",po3,10,00:22:30,00:22:31,https://youtu.be/eausb4bGxe4&t=1350,https://youtu.be/xKSQv5IY2dg&t=1351
"CS's neighbors steal his 200 dollar package and he gets uber-salty",po3,14,00:34:41,00:34:41,https://youtu.be/N7bYWP2hQEU&t=2081,https://youtu.be/_weAxMVx3Zg&t=2081
"Void Vade Mecum",po3,31,,00:48:03,,https://youtu.be/4TMMWW9aaQA&t=2883
"X loses his pickaxe",po3,36,00:54:52,,https://youtu.be/U0ABMr0cbJ4&t=3292,
"CS is stuck in a limbo between life and death until X kills him",po3,37,00:43:08,00:43:08,https://youtu.be/UuCJ6f358wg&t=2588,https://youtu.be/LvvRfwdZoDA&t=2588
"X talks about wanting to spray antihistamine in every orifice",po3,40,01:00:55,01:00:55,https://youtu.be/hbqENRTw2Hg&t=3655,https://youtu.be/NdH4Pk4odXs&t=3655
"X talks about Grease and CS makes it weird",po3,41,00:03:59,00:03:59,https://youtu.be/Vzrdn-Q2pWg&t=239,https://youtu.be/j2JWt9kxovc&t=239
"CS and X have a rhyming battle",po3,42,00:00:00,00:00:00,https://youtu.be/n2ujbH3YNoI&t=0,https://youtu.be/OVUw91G8Dvs&t=0
"X finally redeems all his RAKs",po3,46,00:10:27,00:10:27,https://youtu.be/n39Q0qyts68&t=627,https://youtu.be/FznbQL-Oxlc&t=627
"CS repeatedly whispers 'I'm so close', then burps and says he saved it just for X",po3,47,00:13:52,00:13:52,https://youtu.be/EwVeUnyAySY&t=832,https://youtu.be/TkHi7UF02Yo&t=832
"CS instructs X to strip for him",po3,49,00:54:05,00:54:05,https://youtu.be/TL5G620ujv0&t=3245,https://youtu.be/s4jg_T75S7o&t=3245
"CS and X ad lib a sequel to Revenge: 'got my OP sword schwingin' from side to side'",po3,52,00:16:55,00:16:55,https://youtu.be/KA3FQl5cQuI&t=1015,https://youtu.be/33gv6k4cyIA&t=1015
"CS and X set off a stack of nukes in their base for the series finale",po3,54,01:01:11,01:01:11,https://youtu.be/&t=3671,https://youtu.be/nFLpZeaWjWc&t=3671
"CS and X explosively overload a draconic reactor at their original spawn point for the series finale",stn,21,00:38:10,00:37:52,https://youtu.be/ZvNvP3Sn5rQ&t=2290,https://youtu.be/BQzwKGa4s5M&t=2272
"X is eaten by a Grue, twice",exo,5,00:47:01,00:47:01,https://youtu.be/r91KDNovO68&t=2821,https://youtu.be/gktwJgGBlv0&t=2821
"X is eaten by a Grue again, then gets in a duel with CS",exo,7,00:24:04,00:24:04,https://youtu.be/uPsu1-ttuBg&t=1444,https://youtu.be/AyjYgLGCrqQ&t=1444
"CS leers over X in bed and repeatedly asks him what is wrong with his face",exo,9,00:20:19,00:20:19,https://youtu.be/T3VWwOeDR-Q&t=1219,https://youtu.be/gddEpuen-YQ&t=1219
"CS and X discover they can use Carry On to pick up item frames, and it makes a beautiful noise",exo,17,00:34:03,00:34:03,https://youtu.be/Jrf1MoItwvo&t=2043,https://youtu.be/acAYdy25daA&t=2043
"CS pulls out 'Joe Mama' on X; X mutes and has a nice 5 minute solo episode",exo,21,00:30:38,00:30:38,https://youtu.be/sLojk9DX1V0&t=1838,https://youtu.be/rNafFE8VDrc&t=1838
"X tells CS not to worry about the lava, then is knocked into it",exo,24,00:22:16,00:22:16,https://youtu.be/9akXdVDBhcg&t=1336,https://youtu.be/fObPFhtxQSQ&t=1336
"X attempts to troll CS with a bucket of acid and ends up melting some of their chests",exo,27,00:28:33,00:28:33,https://youtu.be/MX4mFqkUWb4&t=1713,https://youtu.be/sizp4HdTs4A&t=1713
"CS attempts to boost his front-page viewer count by adding an echo effect to his slurping",exo,36,00:54:00,00:54:00,https://youtu.be/SAQwkuqX-jk&t=3240,https://youtu.be/eijKbuz-HTc&t=3240
"X sings Les Poissons, then CS crashes the server by making poison... twice",exo,42,00:25:34,00:25:35,https://youtu.be/MUvuHaPKsno&t=1534,https://youtu.be/V5JdjN6Pp5A&t=1535
"X explains how he was bamboozled by millions of barrels of christmas chocolate",exo,46,00:00:56,00:00:56,https://youtu.be/mh9g34rTQwo&t=56,https://youtu.be/HS8UUM_m1ek&t=56
"X accidentally launches CS's expensive rocket",exo,55,00:14:45,00:14:45,https://youtu.be/XS7k8ne6Qb8&t=885,https://youtu.be/Hx7EzXJBDuQ&t=885
"X booby-traps the space station waystone so CS falls through the floor every time he warps there",exo,56,00:59:15,00:59:15,https://youtu.be/HspzMXjW2uo&t=3555,https://youtu.be/WsqOWBB-PQ0&t=3555
"X chases CS's rocket as it launches up from the space station, then drifts down and dies from fall damage",exo,57,00:02:04,00:02:04,https://youtu.be/nG4bjU-352M&t=124,https://youtu.be/N2ztjd9kqFs&t=124
"X falls of the space station and warps home, then falls half a block to the floor and dies",exo,57,00:37:00,00:37:00,https://youtu.be/nG4bjU-352M&t=2220,https://youtu.be/N2ztjd9kqFs&t=2220
"X warps to the space station without pressure boots and manages to put them back on a half heart away from death",exo,57,00:46:32,00:46:32,https://youtu.be/nG4bjU-352M&t=2792,https://youtu.be/N2ztjd9kqFs&t=2792
"X demonstrates his array of easily-accessible musical instruments",exo,58,00:47:11,00:47:11,https://youtu.be/Ts_sdVUMJ-A&t=2831,https://youtu.be/8iwe7flnpqM&t=2831
"CS flies too high in the void dimension and dies, tries to recover his stuff and is damaged, tries again in creative mode and dies, finally gets it using creative mode AND a god apple",exo,59,00:13:02,00:13:02,https://youtu.be/yougykVsTXI&t=782,https://youtu.be/9bx6Vq5ikR0&t=782
"My heart will go on #4",exo,63,00:06:34,00:06:34,https://youtu.be/kngS7lQI5x8&t=394,https://youtu.be/sRNaZsqjIvM&t=394
"X and CS have a rapidly escalating fight to finish off the series with a bang",exo,63,00:57:49,01:27:03,https://youtu.be/kngS7lQI5x8&t=3469,https://youtu.be/sRNaZsqjIvM&t=5223
"CS and a fairy are lit on fire by lightning; the fairy tries to heal CS and he thinks it's chasing him with fire",rlc,1,,00:02:41,,https://youtu.be/a5fbrYu44lk&t=161
"'Oh, what is this? I found a new thing. ... OH NO I DON'T LIKE THIS NEW THING HELP NO I DON'T LIKE IT I DON'T LIKE THE NEW THING'",rlc,4,,00:19:44,,https://youtu.be/F8uMoKTNhcY&t=1184
"The Sharknado incident",rlc,5,00:00:00,00:00:00,https://youtu.be/fY3Sfbpv9mo&t=0,https://youtu.be/gPLx7Q_NDYY&t=0
"CS is killed by a giant fish next to a lion. He and X try multiple times to recover his stuff, but it ends up lost forever.",rlc,5,01:05:57,00:45:05,https://youtu.be/fY3Sfbpv9mo&t=3957,https://youtu.be/gPLx7Q_NDYY&t=2705
"X breaks a block to put his water into; CS shift-clicks trying to drink; he picks up the broken dirt item and places it over the water instead",rlc,7,00:26:19,,https://youtu.be/N0xbLhz0SE8&t=1579,
"It Goes Wrong",rlc,8,01:12:39,00:38:42,https://youtu.be/hkNefkVOI7c&t=4359,https://youtu.be/RonOslziGoQ&t=2322
"X is insta-KFCed by a dragon",rlc,10,00:11:55,00:10:40,https://youtu.be/ad6X9dnLZTc&t=715,https://youtu.be/B03MHiCHCFU&t=640
"X notices that they're heading towards a spot where CS died previously. CS ignores him and they go along - it doesn't end up well.",rlc,12,00:13:51,00:11:04,https://youtu.be/GpRgOcx9pKs&t=831,https://youtu.be/MzDh8Gndkw4&t=664
"CS is exploded by a pumpkin",rlc,13,00:02:54,00:02:49,https://youtu.be/YIuuk9Q-Y5Y&t=174,https://youtu.be/9vUz_RWkydg&t=169
"X does battle with a siren and is killed by a surprise Baby Abtu",rlc,15,00:27:13,,https://youtu.be/yy_Cl-3JosU&t=1633,
"CS hands his pickaxe to X, who gets ledgendary on the second reforge; X absconds with it; CS gets salty and chases X around trying to get it back",rlc,16,00:30:41,,https://youtu.be/HpuToCXBx6M&t=1841,
"X is blown up by a battle tower and spawns very far from home",rlc,18,00:40:38,00:40:28,https://youtu.be/jgrhNm5igqM&t=2438,https://youtu.be/dbTVB3AaG38&t=2428
"A dragon tunnels up out of its nest and escapes to wreak havoc on the world",rlc,20,00:35:04,00:21:10,https://youtu.be/w7C86TSk_H8&t=2104,https://youtu.be/Ktb-HkwXTOk&t=1270
"The duo conquers a stage 5 fire dragon",rlc,22,00:44:14,00:22:31,https://youtu.be/VOgenCUKCKo&t=2654,https://youtu.be/Sb2O8m77w4U&t=1351
"Big Yellow Taxi",rlc,25,00:42:30,00:42:30,https://youtu.be/2jild_exp9A&t=2550,https://youtu.be/akUJoBCdjzI&t=2550
"It Goes Wrong in the Nether",rlc,25,00:51:02,00:51:02,https://youtu.be/2jild_exp9A&t=3062,https://youtu.be/akUJoBCdjzI&t=3062
"X is startled by a lightning fast Ashen Pinky",rlc,26,00:39:40,00:39:40,https://youtu.be/0M09uJ4ohXk&t=2380,https://youtu.be/ozxhS010N0g&t=2380
"It Goes Wrong in the Nether Again",rlc,27,00:27:12,00:27:12,https://youtu.be/3rJ5NGRACFs&t=1632,https://youtu.be/MxtvczUXviA&t=1632
"X mistakes CS for a grue and procs his totem",rlc,34,00:13:17,00:13:17,https://youtu.be/9_PJWw77vP4&t=797,https://youtu.be/Sb6AngZ94l8&t=797
"CS and X are annihilated by Lux Rahovart",rlc,34,00:22:49,00:22:49,https://youtu.be/9_PJWw77vP4&t=1369,https://youtu.be/Sb6AngZ94l8&t=1369
"CS MLGs a 100-block fall out the claws of a dragon and loses sight of Baby Yoda for a couple minutes",rlc,36,00:12:06,00:12:06,https://youtu.be/U5m7FfBzVGg&t=726,https://youtu.be/704y7fwcrRY&t=726
"Steve runs away; CS and X vanquish an ice dragon",rlc,39,00:28:13,00:28:15,https://youtu.be/0d62MTVaWpI&t=1693,https://youtu.be/R_FMyLnv5WE&t=1695
"Dancing spiders",rlc,42,01:04:13,01:04:13,https://youtu.be/wx08hT_uMMg&t=3853,https://youtu.be/WZNlJ5EHXFE&t=3853
"CS fights Dark Rahovart smarter, not harder - by tunneling under the floor of his arena.",rlc,45,,00:46:21,,https://youtu.be/&t=2781
"CS plays a prank on X by pretending Long Boi is invisible",sev,29,00:52:32,00:52:32,https://youtu.be/zX7NuZwaEbg&t=3152,https://youtu.be/ifmAEMFckeI&t=3152
